Employee_Name,Employee_Number,State,Zip,DOB,Age,Sex,MaritalDesc,CitizenDesc,Hispanic_Latino,RaceDesc,Date_of_Hire,Date_of_Termination,Reason_For_Term,Employment_Status,Department,Position,Pay_Rate,Manager_Name,Employee_Source,Performance_Score,Age_Group
"Brown, Mia",1103024456,MA,1450,11/24/1985,32,Female,Married,US Citizen,No,Black or African American,10/27/2008,,N/A - still employed,Active,Admin Offices,Accountant I,28.5,Brandon R. LeBlanc,Diversity Job Fair,Fully Meets,30-40
"LaRotonda, William  ",1106026572,MA,1460,4/26/1984,33,Male,Divorced,US Citizen,No,Black or African American,01/06/2014,,N/A - still employed,Active,Admin Offices,Accountant I,23,Brandon R. LeBlanc,Website Banner Ads,Fully Meets,30-40
"Steans, Tyrone  ",1302053333,MA,2703,09/01/1986,31,Male,Single,US Citizen,No,White,9/29/2014,,N/A - still employed,Active,Admin Offices,Accountant I,29,Brandon R. LeBlanc,Internet Search,Fully Meets,30-40
"Howard, Estelle",1211050782,MA,2170,9/16/1985,32,Female,Married,US Citizen,No,White,2/16/2015,4/15/2015,N/A - still employed,Active,Admin Offices,Administrative Assistant,21.5,Brandon R. LeBlanc,Pay Per Click - Google,N/A- too early to review,30-40
"Singh, Nan ",1307059817,MA,2330,5/19/1988,29,Female,Single,US Citizen,No,White,05/01/2015,,N/A - still employed,Active,Admin Offices,Administrative Assistant,16.56,Brandon R. LeBlanc,Website Banner Ads,N/A- too early to review,25-30
"Smith, Leigh Ann",711007713,MA,1844,6/14/1987,30,Female,Married,US Citizen,No,Asian,9/26/2011,9/25/2013,career change,Voluntarily Terminated,Admin Offices,Administrative Assistant,20.5,Brandon R. LeBlanc,Diversity Job Fair,Fully Meets,25-30
"LeBlanc, Brandon  R",1102024115,MA,1460,06/10/1984,33,Male,Married,US Citizen,No,White,01/05/2016,,N/A - still employed,Active,Admin Offices,Shared Services Manager,55,Janet King,Monster.com,Fully Meets,30-40
"Quinn, Sean",1206043417,MA,2045,11/06/1984,33,Male,Married,Eligible NonCitizen,No,Black or African American,2/21/2011,8/15/2015,career change,Voluntarily Terminated,Admin Offices,Shared Services Manager,55,Janet King,Diversity Job Fair,Fully Meets,30-40
"Boutwell, Bonalyn",1307060188,MA,2468,04/04/1987,30,Female,Married,US Citizen,No,Asian,2/16/2015,,N/A - still employed,Active,Admin Offices,Sr. Accountant,34.95,Brandon R. LeBlanc,Diversity Job Fair,90-day meets,25-30
"Foster-Baker, Amy",1201031308,MA,2050,4/16/1979,38,Female,Married,US Citizen,no,White,01/05/2009,,N/A - still employed,Active,Admin Offices,Sr. Accountant,34.95,Board of Directors,Other,Fully Meets,30-40
"King, Janet",1001495124,MA,1902,9/21/1954,63,Female,Married,US Citizen,Yes,White,07/02/2012,,N/A - still employed,Active,Executive Office,President & CEO,80,Board of Directors,Pay Per Click - Google,Fully Meets,60+
"Zamora, Jennifer",1112030816,MA,2067,8/30/1979,38,Female,Single,US Citizen,No,White,04/10/2010,,N/A - still employed,Active,IT/IS,CIO,65,Janet King,Employee Referral,Exceptional,30-40
"Becker, Renee",1102024056,MA,2026,04/04/1986,31,Female,Single,US Citizen,Yes,White,07/07/2014,09/12/2015,performance,Terminated for Cause,IT/IS,Database Administrator,43,Simon Roup,Search Engine,Fully Meets,30-40
"Goble, Taisha",905013738,MA,2127,10/23/1971,46,Female,Single,US Citizen,No,White,2/16/2015,3/15/2015,"no-call, no-show",Terminated for Cause,IT/IS,Database Administrator,48.5,Simon Roup,Glassdoor,Fully Meets,40-50
"Hernandez, Daniff",1410071156,MA,1960,08/07/1986,31,Male,Married,US Citizen,No,Black or African American,2/16/2015,2/22/2015,"no-call, no-show",Terminated for Cause,IT/IS,Database Administrator,40.1,Simon Roup,Employee Referral,N/A- too early to review,30-40
"Horton, Jayne",1105025718,MA,2493,2/21/1984,33,Female,Single,US Citizen,No,White,3/30/2015,,N/A - still employed,Active,IT/IS,Database Administrator,34,Simon Roup,Glassdoor,N/A- too early to review,30-40
"Johnson, Noelle ",1003018246,MA,2301,11/07/1986,31,Female,Married,US Citizen,No,Asian,01/05/2015,,N/A - still employed,Active,IT/IS,Database Administrator,40,Simon Roup,Glassdoor,90-day meets,30-40
"Murray, Thomas",1406068403,TX,78230,07/04/1988,29,Male,Divorced,US Citizen,No,Black or African American,11/10/2014,,N/A - still employed,Active,IT/IS,Database Administrator,35.5,Simon Roup,Diversity Job Fair,Exceptional,25-30
"Pearson, Randall",1102023965,MA,2747,09/05/1984,33,Male,Married,US Citizen,No,White,12/01/2014,05/01/2016,performance,Voluntarily Terminated,IT/IS,Database Administrator,41,Simon Roup,Employee Referral,Fully Meets,30-40
"Petrowsky, Thelma",1108027853,MA,1886,9/16/1984,33,Female,Married,US Citizen,No,Asian,11/10/2014,,N/A - still employed,Active,IT/IS,Database Administrator,42.75,Simon Roup,Employee Referral,Exceptional,30-40
"Roby, Lori ",1407068885,MA,1886,10/11/1981,36,Female,Married,US Citizen,No,White,2/16/2015,,N/A - still employed,Active,IT/IS,Database Administrator,39.55,Simon Roup,Employee Referral,Fully Meets,30-40
"Rogers, Ivan",1203032255,MA,1810,8/26/1986,31,Male,Married,US Citizen,No,White,3/30/2015,,N/A - still employed,Active,IT/IS,Database Administrator,42.2,Simon Roup,Pay Per Click - Google,N/A- too early to review,30-40
"Salter, Jason",1111030148,MA,2452,12/17/1987,30,Male,Divorced,US Citizen,No,Black or African American,01/05/2015,10/31/2015,hours,Voluntarily Terminated,IT/IS,Database Administrator,45,Simon Roup,Vendor Referral,90-day meets,25-30
"Simard, Kramer",808010278,MA,2110,02/08/1970,47,Male,Married,US Citizen,Yes,White,01/05/2015,,N/A - still employed,Active,IT/IS,Database Administrator,30.2,Simon Roup,Employee Referral,90-day meets,40-50
"Zhou, Julia",1110029732,MA,2148,2/24/1979,38,Female,Single,US Citizen,No,White,3/30/2015,,N/A - still employed,Active,IT/IS,Database Administrator,31.4,Simon Roup,Employee Referral,90-day meets,30-40
"Foss, Jason",1192991000,MA,1460,07/05/1980,37,Male,Single,US Citizen,No,Black or African American,4/15/2011,,N/A - still employed,Active,IT/IS,IT Director,65,Jennifer Zamora,Professional Society,Exceptional,30-40
"Roup,Simon",1106026933,MA,2481,04/05/1973,44,Male,Single,US Citizen,No,White,1/20/2013,,N/A - still employed,Active,IT/IS,IT Manager - DB,62,Jennifer Zamora,Professional Society,Fully Meets,40-50
"Ruiz, Ricardo",1001175250,MA,1915,01/04/1964,54,Male,Divorced,US Citizen,No,Two or more races,01/09/2012,11/04/2015,hours,Voluntarily Terminated,IT/IS,IT Manager - DB,21,Jennifer Zamora,Diversity Job Fair,Fully Meets,50-60
"Monroe, Peter",1011022863,MA,2134,10/05/1986,31,Male,Married,Eligible NonCitizen,Yes,Hispanic,2/15/2012,,N/A - still employed,Active,IT/IS,IT Manager - Infra,63,Jennifer Zamora,Diversity Job Fair,Needs Improvement,30-40
"Dougall, Eric",1101023754,MA,1886,07/09/1970,47,Male,Single,US Citizen,No,White,01/05/2014,,N/A - still employed,Active,IT/IS,IT Manager - Support,64,Jennifer Zamora,Professional Society,Exceeds,40-50
"Clayton, Rick",1301052902,MA,2170,09/05/1985,32,Male,Single,US Citizen,No,White,09/05/2012,,N/A - still employed,Active,IT/IS,IT Support,28.99,Eric Dougall,Glassdoor,Fully Meets,30-40
"Galia, Lisa",1501072093,CT,6040,07/06/1968,49,Female,Single,US Citizen,No,White,05/01/2010,,N/A - still employed,Active,IT/IS,IT Support,31.4,Eric Dougall,Vendor Referral,Fully Meets,40-50
"Lindsay, Leonara ",602000312,CT,6070,10/05/1988,29,Female,Single,US Citizen,Yes,Two or more races,1/21/2011,,N/A - still employed,Active,IT/IS,IT Support,26,Eric Dougall,Diversity Job Fair,Exceeds,25-30
"Soto, Julia ",1203032263,MA,2360,03/12/1973,44,Female,Married,US Citizen,No,Black or African American,06/10/2011,,N/A - still employed,Active,IT/IS,IT Support,27.49,Eric Dougall,Information Session,Fully Meets,40-50
"Bacong, Alejandro ",1212052023,MA,1886,01/07/1988,30,Male,Divorced,US Citizen,No,White,01/05/2015,,N/A - still employed,Active,IT/IS,Network Engineer,45,Peter Monroe,Glassdoor,90-day meets,25-30
"Cisco, Anthony",1102024173,MA,2135,11/24/1989,28,Male,Married,US Citizen,Yes,White,3/30/2015,,N/A - still employed,Active,IT/IS,Network Engineer,42,Peter Monroe,Information Session,N/A- too early to review,25-30
"Dolan, Linda",1101023540,MA,2119,7/18/1988,29,Female,Married,US Citizen,No,White,01/05/2015,,N/A - still employed,Active,IT/IS,Network Engineer,37,Peter Monroe,Employee Referral,90-day meets,25-30
"Gonzalez, Maria",1988299991,MA,2472,4/16/1981,36,Female,Separated,US Citizen,Yes,White,01/05/2015,,N/A - still employed,Active,IT/IS,Network Engineer,39,Peter Monroe,Employee Referral,Fully Meets,30-40
"Merlos, Carlos",1012023013,MA,2138,6/18/1987,30,Male,Single,US Citizen,No,White,3/30/2015,,N/A - still employed,Active,IT/IS,Network Engineer,43,Peter Monroe,Vendor Referral,N/A- too early to review,25-30
"Morway, Tanya",1001956578,MA,2048,04/04/1979,38,Female,Married,US Citizen,No,White,2/16/2015,,N/A - still employed,Active,IT/IS,Network Engineer,27,Peter Monroe,Monster.com,Fully Meets,30-40
"Shepard, Anita ",906014183,MA,1773,4/14/1981,36,Female,Married,US Citizen,No,White,9/30/2014,,N/A - still employed,Active,IT/IS,Network Engineer,47,Peter Monroe,Vendor Referral,Fully Meets,30-40
"Tredinnick, Neville ",1104025466,MA,1420,05/05/1988,29,Male,Married,US Citizen,No,White,01/05/2015,05/12/2015,medical issues,Voluntarily Terminated,IT/IS,Network Engineer,28,Peter Monroe,Monster.com,Fully Meets,25-30
"Turpin, Jumil",1411071506,MA,2343,3/31/1969,48,Male,Married,Eligible NonCitizen,No,White,3/30/2015,,N/A - still employed,Active,IT/IS,Network Engineer,49.1,Peter Monroe,Employee Referral,N/A- too early to review,40-50
"Ait Sidi, Karthikeyan   ",1307060199,MA,2148,05/05/1975,42,Male,Married,US Citizen,No,White,3/30/2015,6/16/2016,career change,Voluntarily Terminated,IT/IS,Sr. DBA,62,Simon Roup,Company Intranet,Fully Meets,40-50
"Carr, Claudia  N",1010022337,MA,1886,06/06/1986,31,Female,Single,US Citizen,No,Black or African American,6/30/2016,,N/A - Has not started yet,Active,IT/IS,Sr. DBA,61.3,Simon Roup,Vendor Referral,N/A- too early to review,30-40
"Favis, Donald  ",1412071562,CT,6033,7/30/1964,53,Male,Single,US Citizen,No,Black or African American,2/17/2014,2/19/2016,hours,Terminated for Cause,IT/IS,Sr. DBA,58.2,Simon Roup,Vendor Referral,Fully Meets,50-60
"Roehrich, Bianca",1111030266,MA,2703,5/27/1973,44,Female,Single,US Citizen,Yes,White,01/05/2015,11/10/2015,Another position,Voluntarily Terminated,IT/IS,Sr. DBA,58.5,Simon Roup,Vendor Referral,90-day meets,40-50
"Daniele, Ann  ",1411071312,CT,6033,1/18/1952,66,Female,Married,US Citizen,No,White,11/10/2014,,N/A - still employed,Active,IT/IS,Sr. Network Engineer,54.1,Peter Monroe,Vendor Referral,Fully Meets,60+
"Lajiri,  Jyoti",1108028108,MA,2169,4/23/1986,31,Male,Married,US Citizen,No,White,11/10/2014,,N/A - still employed,Active,IT/IS,Sr. Network Engineer,56.2,Peter Monroe,Employee Referral,Fully Meets,30-40
"Semizoglou, Jeremiah  ",904013591,MA,1545,02/09/1983,34,Male,Married,US Citizen,No,Asian,6/30/2016,,N/A - Has not started yet,Active,IT/IS,Sr. Network Engineer,53.8,Peter Monroe,On-campus Recruiting,N/A- too early to review,30-40
"South, Joe",1308060959,CT,6278,09/09/1965,52,Male,Single,US Citizen,No,White,11/10/2014,,N/A - still employed,Active,IT/IS,Sr. Network Engineer,53,Peter Monroe,Employee Referral,90-day meets,50-60
"Warfield, Sarah",1301052347,MA,2453,05/02/1978,39,Female,widowed,US Citizen,No,Asian,3/30/2015,,N/A - still employed,Active,IT/IS,Sr. Network Engineer,55.2,Peter Monroe,Employee Referral,N/A- too early to review,30-40
"Bramante, Elisa",1006020066,MA,2030,3/19/1983,34,Female,Single,US Citizen,No,Black or African American,01/05/2009,,N/A - still employed,Active,Production       ,Director of Operations,60,Janet King,Other,Exceeds,30-40
"Albert, Michael  ",1501072311,MA,2169,10/10/1968,49,Male,Divorced,US Citizen,No,White,08/01/2011,,N/A - still employed,Active,Production       ,Production Manager,54.5,Janet King,Employee Referral,Fully Meets,40-50
"Bozzi, Charles",1303054580,MA,1901,03/10/1970,47,Male,Single,US Citizen,No,Asian,9/30/2013,08/07/2014,retiring,Voluntarily Terminated,Production       ,Production Manager,50.5,Janet King,Billboard,Fully Meets,40-50
"Butler, Webster  L",1110029990,MA,2169,08/09/1983,34,Male,Single,US Citizen,No,White,1/28/2016,,N/A - still employed,Active,Production       ,Production Manager,55,Janet King,Pay Per Click - Google,Exceeds,30-40
"Dunn, Amy  ",1409070147,MA,1731,11/28/1973,44,Female,Single,US Citizen,No,White,9/18/2014,,N/A - still employed,Active,Production       ,Production Manager,51,Janet King,Search Engine,Fully Meets,40-50
"Gray, Elijiah  ",1307060077,MA,1752,07/11/1981,36,Male,Divorced,US Citizen,No,White,06/02/2015,,N/A - still employed,Active,Production       ,Production Manager,54,Janet King,Employee Referral,Fully Meets,30-40
"Hogland, Jonathan ",1001944783,MA,1890,07/01/1972,45,Male,Married,US Citizen,No,White,01/10/2011,12/12/2015,attendance,Terminated for Cause,Production       ,Production Manager,48.5,Janet King,Employee Referral,Fully Meets,40-50
"Immediato, Walter",1403065874,MA,2128,11/15/1976,41,Male,Married,US Citizen,No,Asian,2/21/2011,9/24/2012,unhappy,Voluntarily Terminated,Production       ,Production Manager,42,Janet King,Other,Needs Improvement,40-50
"Liebig, Ketsia",1103024679,MA,2110,10/26/1981,36,Female,Married,US Citizen,No,White,9/30/2013,,N/A - still employed,Active,Production       ,Production Manager,55,Janet King,Website Banner Ads,Exceeds,30-40
"Miller, Brannon",1107027351,MA,2045,08/10/1981,36,Male,Single,US Citizen,yes,Hispanic,8/16/2012,,N/A - still employed,Active,Production       ,Production Manager,53,Janet King,Internet Search,Fully Meets,30-40
"Peterson, Ebonee  ",1402065355,MA,2030,05/09/1977,40,Female,Married,US Citizen,No,White,10/25/2010,5/18/2016,Another position,Voluntarily Terminated,Production       ,Production Manager,38.5,Janet King,Internet Search,Fully Meets,30-40
"Spirea, Kelley",1102024149,MA,2451,9/30/1975,42,Female,Married,US Citizen,No,White,10/02/2012,,N/A - still employed,Active,Production       ,Production Manager,52,Janet King,Vendor Referral,Fully Meets,40-50
"Stanley, David ",1000974650,MA,1803,12/17/1975,42,Male,Divorced,US Citizen,No,White,7/20/2010,,N/A - still employed,Active,Production       ,Production Manager,53,Janet King,Monster.com,Needs Improvement,40-50
"Sullivan, Kissy ",1405067298,MA,1776,3/28/1978,39,Female,Married,US Citizen,No,Black or African American,01/08/2009,,N/A - still employed,Active,Production       ,Production Manager,55,Janet King,Billboard,Fully Meets,30-40
"Wallace, Courtney  E",1410071026,MA,2478,11/14/1955,62,Female,Married,US Citizen,No,Black or African American,9/26/2011,01/02/2012,Another position,Voluntarily Terminated,Production       ,Production Manager,33.5,Janet King,Diversity Job Fair,Fully Meets,60+
"Adinolfi, Wilson  K",1409070522,MA,1960,07/10/1983,34,Male,Single,US Citizen,No,White,07/05/2011,,N/A - still employed,Active,Production       ,Production Technician I,20,Michael Albert,MBTA ads,Exceeds,30-40
"Alagbe,Trina",1011022883,MA,1886,9/27/1988,29,Female,Married,US Citizen,No,White,01/07/2008,,N/A - still employed,Active,Production       ,Production Technician I,21,Elijiah Gray,Billboard,Fully Meets,25-30
"Anderson, Carol ",1001417624,MA,2169,09/08/1989,28,Female,Divorced,US Citizen,No,White,07/11/2011,09/06/2011,return to school,Voluntarily Terminated,Production       ,Production Technician I,16,Webster Butler,Word of Mouth,N/A- too early to review,25-30
"Anderson, Linda  ",1304055947,MA,1844,5/22/1977,40,Female,Single,US Citizen,No,White,01/09/2012,,N/A - still employed,Active,Production       ,Production Technician I,23,Amy Dunn,MBTA ads,Exceptional,30-40
"Athwal, Sam",1301052124,MA,2199,2/18/1983,34,Male,widowed,US Citizen,No,White,9/30/2013,,N/A - still employed,Active,Production       ,Production Technician I,22,Ketsia Liebig,Employee Referral,N/A- too early to review,30-40
"Bachiochi, Linda",1212051409,MA,1902,02/11/1970,47,Female,Single,US Citizen,No,Two or more races,07/06/2009,,N/A - still employed,Active,Production       ,Production Technician I,22,Brannon Miller,Diversity Job Fair,Fully Meets,40-50
"Baczenski, Rachael  ",1307060083,MA,1902,01/12/1974,44,Female,Married,US Citizen,Yes,Hispanic,01/10/2011,01/12/2011,Another position,Voluntarily Terminated,Production       ,Production Technician I,17,David Stanley,Diversity Job Fair,N/A- too early to review,40-50
"Barbara, Thomas",1312063507,MA,2062,2/21/1974,43,Male,Married,US Citizen,Yes,Asian,04/02/2012,9/19/2012,unhappy,Voluntarily Terminated,Production       ,Production Technician I,22,Kissy Sullivan,Diversity Job Fair,90-day meets,40-50
"Barone, Francesco  A",1101023679,MA,1810,7/20/1983,34,Male,Single,US Citizen,No,Two or more races,2/20/2012,,N/A - still employed,Active,Production       ,Production Technician I,16.76,Kelley Spirea,Social Networks,Fully Meets,30-40
"Barton, Nader",1212051962,MA,2747,7/15/1977,40,Male,Divorced,US Citizen,No,White,9/24/2012,04/06/2013,Another position,Voluntarily Terminated,Production       ,Production Technician I,18,Michael Albert,On-line Web application,Fully Meets,30-40
"Beatrice, Courtney ",1403066194,MA,1915,10/27/1970,47,Female,Single,Eligible NonCitizen,No,White,04/04/2011,,N/A - still employed,Active,Production       ,Production Technician I,22,Elijiah Gray,Search Engine,Fully Meets,40-50
"Becker, Scott",1110029777,MA,2452,04/06/1979,38,Male,Single,US Citizen,No,Asian,07/08/2013,,N/A - still employed,Active,Production       ,Production Technician I,17,Webster Butler,MBTA ads,Fully Meets,30-40
"Bernstein, Sean",1109029366,MA,2072,12/22/1970,47,Male,Single,US Citizen,Yes,White,04/02/2012,,N/A - still employed,Active,Production       ,Production Technician I,16,Amy Dunn,Word of Mouth,Fully Meets,40-50
"Biden, Lowan  M",1412071844,MA,2027,12/27/1958,59,Female,Divorced,US Citizen,No,Asian,8/19/2013,,N/A - still employed,Active,Production       ,Production Technician I,22,Ketsia Liebig,Billboard,Fully Meets,50-60
"Billis, Helen",1308060366,MA,2031,09/01/1989,28,Female,Married,US Citizen,No,White,07/07/2014,,N/A - still employed,Active,Production       ,Production Technician I,16,Brannon Miller,Professional Society,Exceeds,25-30
"Brill, Donna",1406068293,MA,1701,8/24/1990,27,Female,Married,US Citizen,No,White,04/02/2012,6/15/2013,Another position,Voluntarily Terminated,Production       ,Production Technician I,20,David Stanley,Search Engine,Fully Meets,25-30
"Bugali, Josephine ",1408069635,MA,2043,10/30/1969,48,Female,Separated,US Citizen,No,Black or African American,11/11/2013,,N/A - still employed,Active,Production       ,Production Technician I,20,Kissy Sullivan,Diversity Job Fair,Fully Meets,40-50
"Carey, Michael  ",1311063114,MA,1701,02/02/1983,34,Male,widowed,US Citizen,No,Black or African American,3/31/2014,,N/A - still employed,Active,Production       ,Production Technician I,20,Kelley Spirea,MBTA ads,Fully Meets,30-40
"Chace, Beatrice ",1208048062,MA,2763,01/02/1951,67,Female,Single,US Citizen,No,White,9/29/2014,,N/A - still employed,Active,Production       ,Production Technician I,16,Michael Albert,Search Engine,Fully Meets,60+
"Chan, Lin",1305057282,MA,2170,02/12/1979,38,Female,Single,US Citizen,No,White,05/12/2014,,N/A - still employed,Active,Production       ,Production Technician I,19.5,Elijiah Gray,Internet Search,Fully Meets,30-40
"Chang, Donovan  E",1111030129,MA,1845,8/24/1983,34,Male,Single,US Citizen,No,White,07/08/2013,,N/A - still employed,Active,Production       ,Production Technician I,22,Webster Butler,Newspager/Magazine,Fully Meets,30-40
"Chivukula, Enola",1101023394,MA,1775,8/27/1983,34,Female,Single,US Citizen,No,White,6/27/2011,11/15/2015,relocation out of area,Voluntarily Terminated,Production       ,Production Technician I,21,Amy Dunn,Other,90-day meets,30-40
"Cierpiszewski, Caroline  ",1012023295,MA,2044,5/31/1988,29,Female,Single,Non-Citizen,No,Black or African American,10/03/2011,,N/A - still employed,Active,Production       ,Production Technician I,22,Ketsia Liebig,Pay Per Click - Google,Fully Meets,25-30
"Clukey, Elijian",1407069280,MA,2134,8/26/1980,37,Male,Married,US Citizen,No,White,07/06/2016,,N/A - Has not started yet,Active,Production       ,Production Technician I,24.75,Brannon Miller,Employee Referral,Exceeds,30-40
"Cockel, James",1599991009,MA,2452,09/08/1977,40,Male,Single,US Citizen,No,White,07/08/2013,,N/A - still employed,Active,Production       ,Production Technician I,15,David Stanley,Employee Referral,Fully Meets,30-40
"Cole, Spencer",1001450968,MA,1880,08/12/1979,38,Male,Single,US Citizen,No,Black or African American,07/11/2011,9/23/2012,performance,Terminated for Cause,Production       ,Production Technician I,15,Kissy Sullivan,MBTA ads,Needs Improvement,30-40
"Cornett, Lisa ",1403066069,MA,2189,3/31/1977,40,Female,Married,US Citizen,Yes,White,01/05/2015,,N/A - still employed,Active,Production       ,Production Technician I,15.75,Kelley Spirea,Billboard,90-day meets,30-40
"Crimmings,   Jean",1311063172,MA,1821,04/10/1987,30,Female,Single,US Citizen,No,White,07/06/2016,,N/A - Has not started yet,Active,Production       ,Production Technician I,19.75,Michael Albert,Newspager/Magazine,N/A- too early to review,25-30
"Darson, Jene'ya ",1001109612,MA,2110,11/05/1978,39,Female,Married,US Citizen,No,White,07/02/2012,,N/A - still employed,Active,Production       ,Production Technician I,15,Elijiah Gray,Billboard,Fully Meets,30-40
"DeGweck,  James",1306058816,MA,1810,10/31/1977,40,Male,Married,US Citizen,No,White,5/16/2011,06/08/2015,unhappy,Voluntarily Terminated,Production       ,Production Technician I,23.5,Webster Butler,Billboard,Fully Meets,30-40
"Desimone, Carl ",1501072124,MA,2061,4/19/1967,50,Male,Married,US Citizen,No,White,07/07/2014,,N/A - still employed,Active,Production       ,Production Technician I,20,Amy Dunn,Professional Society,PIP,40-50
"Dickinson, Geoff ",706006285,MA,2180,11/15/1982,35,Male,Single,US Citizen,No,White,05/12/2014,,N/A - still employed,Active,Production       ,Production Technician I,21,Ketsia Liebig,Pay Per Click - Google,Fully Meets,30-40
"DiNocco, Lily ",1209048696,MA,2351,12/02/1978,39,Female,Married,US Citizen,No,Black or African American,01/07/2013,,N/A - still employed,Active,Production       ,Production Technician I,22,Brannon Miller,Pay Per Click - Google,Needs Improvement,30-40
"Dobrin, Denisa  S",1202031618,MA,2125,10/07/1986,31,Female,Single,US Citizen,Yes,White,04/02/2012,,N/A - still employed,Active,Production       ,Production Technician I,16.75,David Stanley,Monster.com,Fully Meets,30-40
"Eaton, Marianne",1406067865,MA,2343,09/05/1991,26,Female,Married,US Citizen,No,White,04/04/2011,06/06/2013,military,Voluntarily Terminated,Production       ,Production Technician I,17,Kissy Sullivan,Search Engine,Fully Meets,25-30
"Engdahl, Jean",1007020403,MA,2026,5/31/1974,43,Male,Single,US Citizen,No,White,11/10/2014,,N/A - still employed,Active,Production       ,Production Technician I,21.25,Kelley Spirea,MBTA ads,Fully Meets,40-50
"England, Rex",1101023612,MA,2045,8/25/1978,39,Male,Married,US Citizen,No,White,3/31/2014,,N/A - still employed,Active,Production       ,Production Technician I,21,Kelley Spirea,Employee Referral,90-day meets,30-40
"Estremera, Miguel",1104025243,MA,2129,09/02/1983,34,Male,Single,US Citizen,No,White,04/02/2012,9/27/2014,attendance,Terminated for Cause,Production       ,Production Technician I,17,Michael Albert,Word of Mouth,Needs Improvement,30-40
"Evensen, April",1107027392,MA,2458,05/06/1989,28,Female,Single,US Citizen,No,White,2/17/2014,2/25/2014,"no-call, no-show",Terminated for Cause,Production       ,Production Technician I,18,Elijiah Gray,Word of Mouth,N/A- too early to review,25-30
"Ferguson, Susan",1502072511,MA,2176,4/14/1955,62,Female,Married,US Citizen,No,White,11/07/2011,5/17/2014,military,Voluntarily Terminated,Production       ,Production Technician I,20,Webster Butler,Search Engine,Fully Meets,60+
"Fernandes, Nilson  ",1302053339,MA,2132,10/18/1989,28,Male,Married,US Citizen,No,White,05/11/2015,,N/A - still employed,Active,Production       ,Production Technician I,18,Amy Dunn,Professional Society,N/A- too early to review,25-30
"Ferreira, Violeta",803009012,MA,2176,06/10/1986,31,Female,Single,US Citizen,No,White,2/20/2012,,N/A - still employed,Active,Production       ,Production Technician I,23,Ketsia Liebig,Newspager/Magazine,Fully Meets,30-40
"Fidelia,  Libby",1006020020,MA,2155,3/16/1981,36,Female,Married,US Citizen,No,White,01/09/2012,,N/A - still employed,Active,Production       ,Production Technician I,24,Brannon Miller,Social Networks,Fully Meets,30-40
"Garcia, Raul",1309061015,MA,1905,9/15/1985,32,Male,Single,US Citizen,Yes,White,3/30/2015,,N/A - still employed,Active,Production       ,Production Technician I,19,David Stanley,Employee Referral,N/A- too early to review,30-40
"Garneau, Hamish",1104025414,MA,1550,4/18/1980,37,Male,Single,US Citizen,No,Asian,07/08/2013,,N/A - still employed,Active,Production       ,Production Technician I,18,Kissy Sullivan,Professional Society,Fully Meets,30-40
"Gaul, Barbara",1105026041,MA,2121,12/02/1983,34,Female,widowed,US Citizen,Yes,Black or African American,5/16/2011,,N/A - still employed,Active,Production       ,Production Technician I,24,Kelley Spirea,MBTA ads,Fully Meets,30-40
"Gentry, Mildred",1501072192,MA,2145,10/01/1990,27,Female,Married,US Citizen,No,Black or African American,3/30/2015,,N/A - still employed,Active,Production       ,Production Technician I,19,Michael Albert,Professional Society,N/A- too early to review,25-30
"Gerke, Melisa",1308060622,MA,2330,5/15/1970,47,Female,Divorced,US Citizen,No,White,11/07/2011,11/15/2011,hours,Voluntarily Terminated,Production       ,Production Technician I,22,Elijiah Gray,Diversity Job Fair,N/A- too early to review,40-50
"Gilles, Alex",1008020960,MA,2062,08/09/1974,43,Male,Married,US Citizen,No,Black or African American,04/02/2012,6/25/2015,military,Voluntarily Terminated,Production       ,Production Technician I,15,Webster Butler,Diversity Job Fair,Needs Improvement,40-50
"Girifalco, Evelyn",1204032927,MA,2451,05/08/1980,37,Female,Single,US Citizen,Yes,Two or more races,9/29/2014,,N/A - still employed,Active,Production       ,Production Technician I,16,Amy Dunn,Professional Society,Exceeds,30-40
"Gold, Shenice  ",1408069539,MA,2451,6/18/1992,25,Female,Single,US Citizen,Yes,White,11/11/2013,,N/A - still employed,Active,Production       ,Production Technician I,17,Ketsia Liebig,Glassdoor,Fully Meets,25-30
"Gonzalez, Cayo",1411071212,MA,2108,9/29/1969,48,Male,Divorced,US Citizen,No,American Indian or Alaska Native,07/11/2011,,N/A - still employed,Active,Production       ,Production Technician I,16,Brannon Miller,Diversity Job Fair,Exceeds,40-50
"Gordon, David",1106026579,MA,2169,5/21/1979,38,Male,Married,US Citizen,No,White,07/02/2012,,N/A - still employed,Active,Production       ,Production Technician I,15,David Stanley,MBTA ads,Fully Meets,30-40
"Goyal, Roxana",1312063675,MA,1864,10/09/1974,43,Female,Married,US Citizen,No,Asian,8/19/2013,,N/A - still employed,Active,Production       ,Production Technician I,24,Kissy Sullivan,On-campus Recruiting,Fully Meets,40-50
"Gross, Paula",1103024859,MA,2176,5/21/1983,34,Female,Divorced,US Citizen,No,White,2/21/2011,01/11/2014,more money,Voluntarily Terminated,Production       ,Production Technician I,14,Kelley Spirea,Monster.com,Fully Meets,30-40
"Handschiegl, Joanne",1405067064,MA,2127,3/23/1977,40,Female,Married,US Citizen,No,White,11/28/2011,,N/A - still employed,Active,Production       ,Production Technician I,24,Michael Albert,Word of Mouth,Fully Meets,30-40
"Harrell, Ludwick",1406068241,MA,1776,09/02/1982,35,Male,Married,US Citizen,No,Asian,5/14/2012,,N/A - still employed,Active,Production       ,Production Technician I,21,Elijiah Gray,Search Engine,Fully Meets,30-40
"Harrington, Christie ",1110029602,MA,2324,8/18/1952,65,Female,Single,US Citizen,No,White,01/09/2012,12/15/2015,retiring,Voluntarily Terminated,Production       ,Production Technician I,19.75,Webster Butler,Monster.com,Fully Meets,60+
"Harrison, Kara",1404066622,MA,1886,05/02/1974,43,Female,Married,US Citizen,No,White,05/12/2014,,N/A - still employed,Active,Production       ,Production Technician I,20,Amy Dunn,Monster.com,Exceeds,40-50
"Heitzman, Anthony",1002017900,MA,2149,01/04/1984,34,Male,Single,US Citizen,No,White,8/13/2012,,N/A - still employed,Active,Production       ,Production Technician I,19,Ketsia Liebig,Social Networks,90-day meets,30-40
"Ivey, Rose ",1408069882,MA,1775,1/28/1991,27,Female,Single,US Citizen,No,White,8/19/2013,,N/A - still employed,Active,Production       ,Production Technician I,16,Brannon Miller,Professional Society,Fully Meets,25-30
"Jackson, Maryellen",1201031438,MA,2081,09/11/1972,45,Female,Separated,US Citizen,No,White,11/05/2012,,N/A - still employed,Active,Production       ,Production Technician I,20,David Stanley,Newspager/Magazine,Fully Meets,40-50
"Jacobi, Hannah  ",1503072857,MA,1778,3/22/1966,51,Female,Divorced,US Citizen,No,White,9/30/2013,,N/A - still employed,Active,Production       ,Production Technician I,21,Kissy Sullivan,Employee Referral,Fully Meets,50-60
"Jhaveri, Sneha  ",1412071713,MA,2109,4/13/1964,53,Female,Separated,US Citizen,No,White,01/06/2014,,N/A - still employed,Active,Production       ,Production Technician I,19,Kelley Spirea,On-campus Recruiting,Fully Meets,50-60
"Johnson, George",1105025721,MA,2445,8/19/1959,58,Male,Married,US Citizen,No,White,11/07/2011,4/29/2016,more money,Voluntarily Terminated,Production       ,Production Technician I,17,Michael Albert,Monster.com,Exceeds,50-60
"Jung, Judy  ",1107027450,MA,2446,4/17/1986,31,Female,Married,US Citizen,No,White,01/10/2011,04/01/2016,unhappy,Voluntarily Terminated,Production       ,Production Technician I,21,Elijiah Gray,Monster.com,90-day meets,30-40
"Keatts, Kramer ",1301052462,MA,1887,1/19/1976,42,Male,Single,US Citizen,No,White,9/30/2013,,N/A - still employed,Active,Production       ,Production Technician I,19,Michael Albert,Billboard,Fully Meets,40-50
"Kinsella, Kathleen  ",710007401,MA,2170,12/08/1973,44,Female,Married,US Citizen,No,White,9/26/2011,06/04/2015,more money,Voluntarily Terminated,Production       ,Production Technician I,22,Webster Butler,Search Engine,90-day meets,40-50
"Kirill, Alexandra  ",903013071,MA,2127,10/08/1970,47,Female,Married,US Citizen,No,White,9/26/2011,01/09/2012,more money,Voluntarily Terminated,Production       ,Production Technician I,24,Amy Dunn,Search Engine,Fully Meets,40-50
"Knapp, Bradley  J",1304055683,MA,1721,11/10/1977,40,Male,Single,US Citizen,No,Black or African American,2/17/2014,,N/A - still employed,Active,Production       ,Production Technician I,14,Ketsia Liebig,On-campus Recruiting,Fully Meets,30-40
"Kretschmer, John",1311062610,MA,1801,02/02/1980,37,Male,Married,US Citizen,No,Asian,01/10/2011,,N/A - still employed,Active,Production       ,Production Technician I,21,Brannon Miller,Pay Per Click - Google,Fully Meets,30-40
"Langton, Enrico",1304055987,MA,2048,12/09/1986,31,Male,Married,US Citizen,No,White,07/09/2012,,N/A - still employed,Active,Production       ,Production Technician I,17,David Stanley,Newspager/Magazine,Fully Meets,30-40
"Leach, Dallas",1408069409,MA,1810,1/17/1979,39,Female,Single,US Citizen,No,Asian,9/26/2011,8/19/2013,return to school,Voluntarily Terminated,Production       ,Production Technician I,19,Kissy Sullivan,Monster.com,Fully Meets,30-40
"LeBel, Jonathan  R",1107027575,MA,2050,10/18/1981,36,Male,Single,US Citizen,No,White,2/21/2011,08/04/2011,attendance,Terminated for Cause,Production       ,Production Technician I,15,Kelley Spirea,Social Networks,90-day meets,30-40
"Linares, Marilyn ",1206042315,MA,1886,3/26/1981,36,Female,Married,US Citizen,No,White,07/05/2011,9/26/2011,unhappy,Voluntarily Terminated,Production       ,Production Technician I,15.25,Michael Albert,Internet Search,N/A- too early to review,30-40
"Lydon, Allison",1101023353,MA,2122,10/22/1975,42,Female,Married,US Citizen,No,Black or African American,2/16/2015,,N/A - still employed,Active,Production       ,Production Technician I,20,Elijiah Gray,Website Banner Ads,90-day meets,40-50
"Lynch, Lindsay",1001138521,MA,1844,2/14/1973,44,Female,Single,US Citizen,Yes,Two or more races,11/07/2011,11/14/2015,Another position,Voluntarily Terminated,Production       ,Production Technician I,19,Webster Butler,Diversity Job Fair,Exceeds,40-50
"MacLennan, Samuel",1201031032,MA,1938,11/09/1972,45,Male,widowed,US Citizen,No,White,9/24/2012,9/26/2012,hours,Voluntarily Terminated,Production       ,Production Technician I,15,Amy Dunn,Pay Per Click,N/A- too early to review,40-50
"Mahoney, Lauren  ",1209049259,MA,2189,07/07/1986,31,Female,Single,US Citizen,No,White,01/06/2014,,N/A - still employed,Active,Production       ,Production Technician I,17,Ketsia Liebig,Newspager/Magazine,Fully Meets,30-40
"Mangal, Debbie",1308060754,MA,2451,11/07/1974,43,Female,Married,US Citizen,No,White,11/11/2013,,N/A - still employed,Active,Production       ,Production Technician I,23,Brannon Miller,On-campus Recruiting,Fully Meets,40-50
"Maurice, Shana",1401064327,MA,2330,11/22/1977,40,Female,Married,US Citizen,No,White,5/31/2011,,N/A - still employed,Active,Production       ,Production Technician I,20,David Stanley,Other,90-day meets,30-40
"Mckenna, Sandy",909015167,MA,2184,01/07/1987,31,Female,Married,US Citizen,No,Black or African American,01/07/2013,,N/A - still employed,Active,Production       ,Production Technician I,24,Kissy Sullivan,Monster.com,Fully Meets,30-40
"Meads, Elizabeth",1409070245,MA,1760,5/30/1968,49,Female,Single,US Citizen,No,Black or African American,04/02/2012,11/11/2015,Another position,Voluntarily Terminated,Production       ,Production Technician I,14,Kelley Spirea,Diversity Job Fair,Fully Meets,40-50
"Medeiros, Jennifer",1109029256,MA,2346,9/22/1976,41,Female,Single,US Citizen,No,White,3/30/2015,,N/A - still employed,Active,Production       ,Production Technician I,20,Michael Albert,Monster.com,N/A- too early to review,40-50
"Motlagh,  Dawn",1102024121,MA,2453,07/07/1984,33,Female,Divorced,US Citizen,No,White,04/01/2013,,N/A - still employed,Active,Production       ,Production Technician I,15,Elijiah Gray,MBTA ads,Fully Meets,30-40
"Ndzi, Colombui",1204033041,MA,2110,05/02/1989,28,Male,Single,US Citizen,No,Black or African American,9/26/2011,04/04/2014,return to school,Voluntarily Terminated,Production       ,Production Technician I,18,Webster Butler,Diversity Job Fair,Fully Meets,25-30
"Ndzi, Horia",1204033041,MA,2421,3/28/1983,34,Male,Married,US Citizen,No,White,04/01/2013,5/25/2016,more money,Voluntarily Terminated,Production       ,Production Technician I,22,Amy Dunn,Employee Referral,Fully Meets,30-40
"Newman, Richard ",1302053044,MA,2136,04/08/1977,40,Male,Married,US Citizen,No,White,05/12/2014,,N/A - still employed,Active,Production       ,Production Technician I,21,Ketsia Liebig,On-campus Recruiting,Fully Meets,30-40
"Ngodup, Shari ",1403066020,MA,1810,06/03/1967,50,Female,Separated,US Citizen,No,Asian,04/01/2013,,N/A - still employed,Active,Production       ,Production Technician I,15,Brannon Miller,Diversity Job Fair,Exceeds,40-50
"Nguyen, Lei-Ming",1203032357,MA,2132,07/07/1984,33,Female,Single,US Citizen,No,White,07/08/2013,,N/A - still employed,Active,Production       ,Production Technician I,19,David Stanley,Vendor Referral,Fully Meets,30-40
"O'hare, Lynn",1206044851,MA,2152,9/30/1980,37,Female,widowed,US Citizen,No,Two or more races,3/31/2014,05/01/2016,performance,Terminated for Cause,Production       ,Production Technician I,18.5,Kissy Sullivan,Professional Society,PIP,30-40
"Osturnka, Adeel",1404066949,MA,2478,12/11/1976,41,Male,Married,US Citizen,No,White,9/30/2013,,N/A - still employed,Active,Production       ,Production Technician I,16,Kelley Spirea,On-campus Recruiting,Exceeds,40-50
"Owad, Clinton",1103024335,MA,1760,11/24/1979,38,Male,Single,US Citizen,No,Black or African American,2/17/2014,,N/A - still employed,Active,Production       ,Production Technician I,22,Michael Albert,MBTA ads,Needs Improvement,30-40
"Panjwani, Nina",1109029531,MA,2351,05/01/1979,38,Female,Married,US Citizen,No,White,02/07/2011,01/12/2014,Another position,Voluntarily Terminated,Production       ,Production Technician I,18,Elijiah Gray,Social Networks,Fully Meets,30-40
"Pelech, Emil",1307060058,MA,2458,3/17/1988,29,Male,Single,US Citizen,No,Black or African American,01/10/2011,12/28/2012,career change,Voluntarily Terminated,Production       ,Production Technician I,24,Webster Butler,Search Engine,Needs Improvement,25-30
"Perry, Shakira",1109029186,MA,2176,7/20/1986,31,Female,Single,US Citizen,No,White,5/16/2011,10/25/2015,medical issues,Voluntarily Terminated,Production       ,Production Technician I,22,Amy Dunn,MBTA ads,Fully Meets,30-40
"Peterson, Kayla ",1307059944,MA,1749,9/23/1973,44,Female,Married,US Citizen,No,White,4/26/2010,,N/A - still employed,Active,Production       ,Production Technician I,17,Ketsia Liebig,Search Engine,Fully Meets,40-50
"Pham, Hong",1305057440,MA,2451,03/06/1988,29,Male,Married,US Citizen,No,White,07/05/2011,11/30/2012,more money,Voluntarily Terminated,Production       ,Production Technician I,18,Brannon Miller,Search Engine,Fully Meets,25-30
"Pitt, Brad ",1001735072,MA,2451,11/23/1981,36,Male,Single,US Citizen,No,Black or African American,11/05/2007,,N/A - still employed,Active,Production       ,Production Technician I,17,David Stanley,Search Engine,Fully Meets,30-40
"Power, Morissa",1102024274,MA,1742,10/15/1984,33,Female,Divorced,Eligible NonCitizen,No,Asian,5/16/2011,06/04/2011,Another position,Voluntarily Terminated,Production       ,Production Technician I,19,Kissy Sullivan,Social Networks,N/A- too early to review,30-40
"Punjabhi, Louis  ",1401064562,MA,2109,6/19/1961,56,Male,Single,US Citizen,No,White,01/06/2014,,N/A - still employed,Active,Production       ,Production Technician I,16,Kelley Spirea,Employee Referral,Fully Meets,50-60
"Purinton, Janine",1011022926,MA,2474,9/22/1970,47,Female,Divorced,US Citizen,No,White,9/24/2012,6/18/2013,unhappy,Voluntarily Terminated,Production       ,Production Technician I,16,Kissy Sullivan,Billboard,Fully Meets,40-50
"Rarrick, Quinn",1208048229,MA,2478,12/31/1984,33,Male,Divorced,US Citizen,No,White,9/26/2011,04/07/2012,more money,Voluntarily Terminated,Production       ,Production Technician I,21,Michael Albert,Pay Per Click - Google,Fully Meets,30-40
"Rhoads, Thomas",1211050793,MA,2176,7/22/1982,35,Male,Divorced,US Citizen,Yes,White,5/16/2011,1/15/2016,retiring,Voluntarily Terminated,Production       ,Production Technician I,20,Elijiah Gray,Professional Society,Fully Meets,30-40
"Rivera, Haley  ",1405067642,MA,2171,01/12/1973,45,Female,Married,US Citizen,No,Asian,11/28/2011,,N/A - still employed,Active,Production       ,Production Technician I,22,Webster Butler,Search Engine,Exceeds,40-50
"Robinson, Alain  ",1206038000,MA,1420,01/07/1974,44,Male,Married,US Citizen,No,Black or African American,01/10/2011,1/26/2016,attendance,Voluntarily Terminated,Production       ,Production Technician I,24,Amy Dunn,Glassdoor,Fully Meets,40-50
"Robinson, Cherly",1403065625,MA,1460,01/07/1985,33,Female,Married,US Citizen,No,White,01/10/2011,5/17/2016,attendance,Terminated for Cause,Production       ,Production Technician I,16,Ketsia Liebig,Glassdoor,Needs Improvement,30-40
"Robinson, Elias",1011022887,MA,1730,1/28/1985,33,Male,widowed,US Citizen,No,White,07/08/2013,,N/A - still employed,Active,Production       ,Production Technician I,17,Brannon Miller,Employee Referral,Exceptional,30-40
"Rose, Ashley  ",710007555,MA,1886,12/05/1974,43,Female,Separated,US Citizen,No,White,01/06/2014,,N/A - still employed,Active,Production       ,Production Technician I,17,David Stanley,Website Banner Ads,Fully Meets,40-50
"Rossetti, Bruno",1405067492,MA,2155,3/18/1987,30,Male,Single,US Citizen,No,White,04/04/2011,8/13/2012,Another position,Voluntarily Terminated,Production       ,Production Technician I,18,Kissy Sullivan,Search Engine,Fully Meets,25-30
"Saar-Beckles, Melinda",1410070998,MA,1801,06/06/1968,49,Female,Single,US Citizen,No,Black or African American,07/04/2016,,N/A - Has not started yet,Active,Production       ,Production Technician I,20,Kelley Spirea,Diversity Job Fair,N/A- too early to review,40-50
"Sadki, Nore  ",1308060535,MA,2148,12/21/1974,43,Male,Single,US Citizen,No,White,01/05/2009,7/30/2010,relocation out of area,Voluntarily Terminated,Production       ,Production Technician I,21,Michael Albert,Word of Mouth,Fully Meets,40-50
"Sander, Kamrin",1302053362,MA,2154,07/10/1988,29,Female,Married,US Citizen,No,Black or African American,9/29/2014,,N/A - still employed,Active,Production       ,Production Technician I,21,Elijiah Gray,On-campus Recruiting,Fully Meets,25-30
"Sewkumar, Nori",807010161,MA,2191,03/10/1975,42,Female,Single,US Citizen,No,Asian,9/30/2013,,N/A - still employed,Active,Production       ,Production Technician I,15.2,Webster Butler,Search Engine,Fully Meets,40-50
"Shields, Seffi",1205033102,MA,2149,8/24/1985,32,Female,Married,US Citizen,No,White,8/19/2013,,N/A - still employed,Active,Production       ,Production Technician I,15,Amy Dunn,Newspager/Magazine,Fully Meets,30-40
"Smith, Sade",1501071909,MA,2130,02/02/1965,53,Female,Single,US Citizen,No,White,11/11/2013,,N/A - still employed,Active,Production       ,Production Technician I,24.5,Ketsia Liebig,Employee Referral,Fully Meets,50-60
"Sparks, Taylor  ",1410071137,MA,2093,7/20/1968,49,Female,Married,US Citizen,No,White,2/20/2012,,N/A - still employed,Active,Production       ,Production Technician I,16,Brannon Miller,Billboard,PIP,40-50
"Squatrito, Kristen",1405067138,MA,2359,3/26/1973,44,Female,Divorced,US Citizen,No,White,5/13/2013,6/29/2015,unhappy,Voluntarily Terminated,Production       ,Production Technician I,21,David Stanley,MBTA ads,Exceeds,40-50
"Stanford,Barbara  M",1111030244,MA,2050,8/25/1982,35,Female,Divorced,US Citizen,No,Two or more races,01/10/2011,,N/A - still employed,Active,Production       ,Production Technician I,14,Kissy Sullivan,Word of Mouth,Fully Meets,30-40
"Stoica, Rick",1106026896,MA,2301,3/14/1985,32,Male,Married,US Citizen,No,Asian,2/17/2014,,N/A - still employed,Active,Production       ,Production Technician I,22,Kelley Spirea,On-campus Recruiting,Fully Meets,30-40
"Sullivan, Timothy",1201031310,MA,2747,10/07/1982,35,Male,Married,US Citizen,Yes,White,01/05/2015,,N/A - still employed,Active,Production       ,Production Technician I,19,Michael Albert,Word of Mouth,90-day meets,30-40
"Sutwell, Barbara",1407069061,MA,2718,8/15/1968,49,Female,Single,Eligible NonCitizen,No,Asian,5/14/2012,,N/A - still employed,Active,Production       ,Production Technician I,14,Elijiah Gray,Glassdoor,Fully Meets,40-50
"Tavares, Desiree  ",1405067501,MA,1801,04/03/1975,42,Female,Married,Non-Citizen,No,Two or more races,4/27/2009,04/01/2013,Another position,Voluntarily Terminated,Production       ,Production Technician I,15,Webster Butler,Diversity Job Fair,Fully Meets,40-50
"Theamstern, Sophia",1404066739,MA,2066,05/09/1965,52,Female,Single,US Citizen,No,White,07/05/2011,09/05/2011,return to school,Voluntarily Terminated,Production       ,Production Technician I,20,Amy Dunn,Billboard,N/A- too early to review,50-60
"Tinto, Theresa  ",1103024504,MA,1876,7/30/1983,34,Female,Divorced,US Citizen,No,White,01/10/2011,5/14/2011,Another position,Voluntarily Terminated,Production       ,Production Technician I,20,Ketsia Liebig,Social Networks,90-day meets,30-40
"Tippett, Jeanette",1409070255,MA,2093,06/05/1967,50,Female,Divorced,US Citizen,No,Black or African American,2/18/2013,,N/A - still employed,Active,Production       ,Production Technician I,24,Brannon Miller,Billboard,Fully Meets,40-50
"Trang, Mei",1012023152,MA,2021,5/16/1983,34,Female,Single,US Citizen,No,White,2/17/2014,,N/A - still employed,Active,Production       ,Production Technician I,22,David Stanley,Professional Society,N/A- too early to review,30-40
"Veera, Abdellah ",1203032235,MA,2171,1/31/1987,30,Male,Divorced,US Citizen,No,White,8/13/2012,02/05/2016,maternity leave - did not return,Voluntarily Terminated,Production       ,Production Technician I,19,Kissy Sullivan,Information Session,Exceeds,25-30
"Volk, Colleen",1011022814,MA,2747,06/03/1986,31,Female,Married,US Citizen,No,White,9/26/2011,02/08/2016,gross misconduct,Terminated for Cause,Production       ,Production Technician I,21,Kelley Spirea,Social Networks,Exceeds,30-40
"Von Massenbach, Anna",1106026474,MA,2124,04/06/1985,32,Female,Single,US Citizen,No,White,07/05/2015,,N/A - Has not started yet,Active,Production       ,Production Technician I,20,Michael Albert,Newspager/Magazine,N/A- too early to review,30-40
"Wallace, Theresa",1101023619,MA,1887,08/02/1980,37,Female,Single,US Citizen,No,White,8/13/2012,09/01/2015,career change,Voluntarily Terminated,Production       ,Production Technician I,15,Elijiah Gray,Monster.com,Needs Improvement,30-40
"Whittier, Scott",1307060212,MA,2030,5/24/1987,30,Male,Single,US Citizen,Yes,White,01/10/2011,5/15/2011,hours,Voluntarily Terminated,Production       ,Production Technician I,23,Webster Butler,Newspager/Magazine,90-day meets,25-30
"Wilber, Barry",1101023839,MA,2324,09/09/1965,52,Male,Married,Eligible NonCitizen,No,White,5/16/2011,09/07/2015,unhappy,Voluntarily Terminated,Production       ,Production Technician I,21,Amy Dunn,Website Banner Ads,Fully Meets,50-60
"Williams, Jacquelyn  ",1308060671,MA,2109,10/02/1969,48,Female,Single,US Citizen,Yes,Two or more races,01/09/2012,6/27/2015,relocation out of area,Voluntarily Terminated,Production       ,Production Technician I,16,Ketsia Liebig,Diversity Job Fair,Fully Meets,40-50
"Ybarra, Catherine ",1001268402,MA,2458,05/04/1982,35,Female,Single,US Citizen,No,Asian,09/02/2008,9/29/2015,Another position,Voluntarily Terminated,Production       ,Production Technician I,22,Brannon Miller,Search Engine,PIP,30-40
"Zima, Colleen",1211051232,MA,1730,8/17/1978,39,Female,widowed,US Citizen,No,Asian,9/29/2014,,N/A - still employed,Active,Production       ,Production Technician I,15,David Stanley,On-campus Recruiting,Fully Meets,30-40
"Akinkuolie, Sarah",1005019209,MA,1810,9/19/1988,29,Female,Married,US Citizen,No,White,07/05/2011,9/24/2012,hours,Voluntarily Terminated,Production       ,Production Technician II,29,Kissy Sullivan,Newspager/Magazine,90-day meets,25-30
"Beak, Kimberly  ",1303054329,MA,2145,4/17/1966,51,Female,Married,US Citizen,No,White,7/21/2016,,N/A - Has not started yet,Active,Production       ,Production Technician II,27,Kelley Spirea,Employee Referral,Exceeds,50-60
"Blount, Dianna",1403066125,MA,2171,9/21/1990,27,Female,Single,US Citizen,No,White,04/04/2011,,N/A - still employed,Active,Production       ,Production Technician II,27,Michael Albert,Monster.com,Needs Improvement,25-30
"Bondwell, Betsy",1008021030,MA,2210,1/16/1967,51,Female,Single,US Citizen,No,White,01/10/2011,04/04/2014,career change,Voluntarily Terminated,Production       ,Production Technician II,26,Elijiah Gray,Search Engine,90-day meets,50-60
"Buccheri, Joseph  ",1101023457,MA,1013,7/28/1983,34,Male,Single,US Citizen,No,White,9/29/2014,,N/A - still employed,Active,Production       ,Production Technician II,22,Webster Butler,Word of Mouth,Fully Meets,30-40
"Burke, Joelle",1011022820,MA,2148,03/02/1980,37,Female,Single,US Citizen,No,Black or African American,03/05/2012,,N/A - still employed,Active,Production       ,Production Technician II,25,Amy Dunn,Employee Referral,Fully Meets,30-40
"Burkett, Benjamin ",1301052449,MA,1890,8/19/1977,40,Male,Married,US Citizen,No,White,04/04/2011,,N/A - still employed,Active,Production       ,Production Technician II,26,Ketsia Liebig,Careerbuilder,Fully Meets,30-40
"Cloninger, Jennifer",1012023226,MA,1752,8/31/1981,36,Female,Married,US Citizen,No,White,5/16/2011,01/07/2013,unhappy,Voluntarily Terminated,Production       ,Production Technician II,25,Brannon Miller,Word of Mouth,90-day meets,30-40
"Close, Phil",1209048697,MA,2169,11/25/1978,39,Male,Married,US Citizen,No,White,8/30/2010,9/26/2011,career change,Voluntarily Terminated,Production       ,Production Technician II,26,David Stanley,Other,Fully Meets,30-40
"Davis, Daniel",1201031274,MA,2458,9/14/1979,38,Male,Single,Eligible NonCitizen,No,Two or more races,11/07/2011,,N/A - still employed,Active,Production       ,Production Technician II,25,Kissy Sullivan,Newspager/Magazine,90-day meets,30-40
"Demita, Carla",1104025179,MA,2343,2/25/1951,66,Female,Separated,US Citizen,No,Black or African American,04/04/2011,11/04/2015,more money,Voluntarily Terminated,Production       ,Production Technician II,29,Kelley Spirea,Search Engine,Fully Meets,60+
"Erilus, Angela",1105025661,MA,2133,8/25/1989,28,Female,Separated,US Citizen,No,White,07/07/2014,,N/A - still employed,Active,Production       ,Production Technician II,24,Michael Albert,Pay Per Click - Google,PIP,25-30
"Faller, Megan ",1108028428,MA,1824,9/22/1978,39,Female,Married,US Citizen,No,Black or African American,07/07/2014,,N/A - still employed,Active,Production       ,Production Technician II,27,Elijiah Gray,Professional Society,Fully Meets,30-40
"Fancett, Nicole",1402065085,MA,2324,9/27/1987,30,Female,Single,US Citizen,No,Black or African American,2/17/2014,,N/A - still employed,Active,Production       ,Production Technician II,24,Webster Butler,Newspager/Magazine,Fully Meets,25-30
"Fitzpatrick, Michael  J",1109029103,MA,2143,10/01/1981,36,Male,Single,US Citizen,Yes,White,5/16/2011,6/24/2013,hours,Voluntarily Terminated,Production       ,Production Technician II,29,Amy Dunn,Social Networks,Fully Meets,30-40
"Foreman, Tanya",1012023204,MA,2170,11/08/1983,34,Female,Married,US Citizen,No,White,04/04/2011,01/09/2012,career change,Voluntarily Terminated,Production       ,Production Technician II,24,Ketsia Liebig,Word of Mouth,Fully Meets,30-40
"Gonzalez, Juan",1411071324,MA,2128,10/12/1964,53,Male,Married,US Citizen,No,Black or African American,4/26/2010,5/30/2011,career change,Voluntarily Terminated,Production       ,Production Technician II,29,Brannon Miller,Diversity Job Fair,PIP,50-60
"Good, Susan",1001549006,MA,1886,5/25/1986,31,Female,Married,US Citizen,No,White,05/12/2014,,N/A - still employed,Active,Production       ,Production Technician II,24.25,David Stanley,Professional Society,Fully Meets,30-40
"Gosciminski, Phylicia  ",1108028351,MA,1824,12/08/1983,34,Female,Separated,US Citizen,No,American Indian or Alaska Native,9/30/2013,,N/A - still employed,Active,Production       ,Production Technician II,27,Kissy Sullivan,Word of Mouth,Fully Meets,30-40
"Hankard, Earnest",1307059937,MA,2155,08/10/1988,29,Male,Single,US Citizen,Yes,White,11/11/2013,,N/A - still employed,Active,Production       ,Production Technician II,24,Kelley Spirea,Newspager/Magazine,Fully Meets,25-30
"Hendrickson, Trina",1011022932,MA,2021,8/27/1972,45,Female,Single,US Citizen,No,White,01/10/2011,2/18/2013,hours,Voluntarily Terminated,Production       ,Production Technician II,24,Kelley Spirea,Monster.com,Fully Meets,40-50
"Homberger, Adrienne  J",1207046956,MA,2445,2/16/1984,33,Female,Married,Non-Citizen,No,White,8/15/2011,04/07/2012,relocation out of area,Voluntarily Terminated,Production       ,Production Technician II,28,Michael Albert,Glassdoor,Fully Meets,30-40
"Hunts, Julissa",1106026433,MA,2021,03/11/1984,33,Female,Single,US Citizen,No,White,06/06/2016,,N/A - Has not started yet,Active,Production       ,Production Technician II,25,Elijiah Gray,Vendor Referral,N/A- too early to review,30-40
"Hutter, Rosalie",1103024924,MA,2351,05/07/1992,25,Female,Separated,US Citizen,No,White,06/05/2015,,N/A - Has not started yet,Active,Production       ,Production Technician II,28,Webster Butler,Other,N/A- too early to review,25-30
"Huynh, Ming",1306058509,MA,1742,9/22/1976,41,Female,Divorced,US Citizen,No,White,2/21/2011,04/01/2013,unhappy,Voluntarily Terminated,Production       ,Production Technician II,23,Amy Dunn,Search Engine,Fully Meets,40-50
"Jeannite, Tayana",1008020942,MA,1821,11/06/1986,31,Female,Divorced,US Citizen,No,American Indian or Alaska Native,07/05/2011,,N/A - still employed,Active,Production       ,Production Technician II,22.5,Ketsia Liebig,MBTA ads,Exceeds,30-40
"Johnston, Yen",1306057810,MA,2128,09/08/1969,48,Female,Single,US Citizen,No,White,07/07/2014,,N/A - still employed,Active,Production       ,Production Technician II,25,Brannon Miller,Professional Society,Exceptional,40-50
"Langford, Lindsey",1010022030,MA,2090,7/25/1979,38,Female,Divorced,US Citizen,No,Asian,01/07/2013,3/31/2014,Another position,Voluntarily Terminated,Production       ,Production Technician II,22,David Stanley,Glassdoor,Fully Meets,30-40
"Latif, Mohammed",1104025486,MA,2126,05/09/1984,33,Male,Married,US Citizen,No,White,04/02/2012,4/15/2013,more money,Voluntarily Terminated,Production       ,Production Technician II,28,Kissy Sullivan,Word of Mouth,Fully Meets,30-40
"Linden, Mathew",1405067565,MA,1770,3/19/1979,38,Male,Married,US Citizen,No,White,07/08/2013,,N/A - still employed,Active,Production       ,Production Technician II,22,Kelley Spirea,Information Session,Fully Meets,30-40
"Lundy, Susan",1305056276,MA,2122,12/26/1976,41,Female,widowed,US Citizen,No,White,07/08/2013,9/15/2013,more money,Voluntarily Terminated,Production       ,Production Technician II,24,Michael Albert,On-campus Recruiting,N/A- too early to review,40-50
"Lunquist, Lisa",1001504432,MA,2324,3/28/1982,35,Female,Single,US Citizen,No,Black or African American,8/19/2013,,N/A - still employed,Active,Production       ,Production Technician II,26.1,Elijiah Gray,Glassdoor,Exceeds,30-40
"Manchester, Robyn",1110029623,MA,2324,8/25/1976,41,Female,Married,US Citizen,No,White,05/11/2016,,N/A - Has not started yet,Active,Production       ,Production Technician II,23,Webster Butler,Vendor Referral,N/A- too early to review,40-50
"Mancuso, Karen",1304055986,MA,2176,12/10/1986,31,Female,Married,US Citizen,No,Two or more races,07/05/2011,8/19/2011,Another position,Voluntarily Terminated,Production       ,Production Technician II,23,Amy Dunn,Newspager/Magazine,N/A- too early to review,30-40
"McCarthy, Brigit",1406067957,MA,2149,5/21/1987,30,Female,Single,US Citizen,No,White,3/30/2015,,N/A - still employed,Active,Production       ,Production Technician II,26,Ketsia Liebig,Newspager/Magazine,N/A- too early to review,25-30
"Miller, Ned",1205033439,MA,2472,6/29/1985,32,Male,Single,US Citizen,No,White,8/15/2011,09/04/2014,unhappy,Voluntarily Terminated,Production       ,Production Technician II,25,Brannon Miller,MBTA ads,PIP,30-40
"Monkfish, Erasumus  ",1404066711,MA,1450,8/17/1992,25,Male,Married,US Citizen,No,White,11/07/2011,,N/A - still employed,Active,Production       ,Production Technician II,27,David Stanley,Professional Society,Fully Meets,25-30
"Monterro, Luisa",1001103149,MA,2126,4/24/1970,47,Female,Single,US Citizen,No,Black or African American,5/13/2013,,N/A - still employed,Active,Production       ,Production Technician II,25,Kissy Sullivan,Billboard,Exceptional,40-50
"Moran, Patrick",1408069503,MA,2127,12/03/1976,41,Male,Single,US Citizen,No,Hispanic,01/09/2012,,N/A - still employed,Active,Production       ,Production Technician II,26,Kelley Spirea,Diversity Job Fair,Fully Meets,40-50
"Moumanil, Maliki ",1301052436,MA,1460,12/01/1974,43,Male,Separated,US Citizen,No,Black or African American,5/13/2013,,N/A - still employed,Active,Production       ,Production Technician II,29,Michael Albert,On-campus Recruiting,Fully Meets,40-50
"Nowlan, Kristie",1104025435,MA,1040,11/23/1985,32,Female,Single,US Citizen,No,White,11/10/2014,,N/A - still employed,Active,Production       ,Production Technician II,26.39,Elijiah Gray,Glassdoor,Fully Meets,30-40
"Oliver, Brooke ",1001856521,MA,2492,02/11/1952,65,Female,Married,US Citizen,No,Asian,5/14/2012,8/19/2013,unhappy,Voluntarily Terminated,Production       ,Production Technician II,25,Webster Butler,Newspager/Magazine,90-day meets,60+
"Pelletier, Ermine",1202031821,MA,2472,7/18/1989,28,Female,Married,US Citizen,No,Asian,07/05/2011,9/15/2011,unhappy,Voluntarily Terminated,Production       ,Production Technician II,28,Amy Dunn,Monster.com,N/A- too early to review,25-30
"Peters, Lauren",1411071406,MA,1886,8/17/1986,31,Female,Married,US Citizen,No,White,5/16/2011,02/04/2012,more money,Voluntarily Terminated,Production       ,Production Technician II,29,Ketsia Liebig,Pay Per Click - Google,Exceeds,30-40
"Petingill, Shana  ",1103024843,MA,2050,03/10/1979,38,Female,Married,Eligible NonCitizen,No,Asian,04/02/2012,,N/A - still employed,Active,Production       ,Production Technician II,26,Brannon Miller,MBTA ads,Fully Meets,30-40
"Roberson, May",1402065340,MA,1902,09/05/1981,36,Female,Divorced,Eligible NonCitizen,No,White,9/26/2011,10/22/2011,return to school,Voluntarily Terminated,Production       ,Production Technician II,26,David Stanley,Search Engine,N/A- too early to review,30-40
"Robertson, Peter",1499902991,MA,2138,07/03/1972,45,Male,Married,US Citizen,No,White,07/05/2011,02/08/2012,Another position,Voluntarily Terminated,Production       ,Production Technician II,22,Kissy Sullivan,Glassdoor,Fully Meets,40-50
"Sahoo, Adil",1106026462,MA,2062,4/26/1986,31,Male,Married,US Citizen,No,White,8/30/2010,,N/A - still employed,Active,Production       ,Production Technician II,29,Kelley Spirea,Monster.com,Fully Meets,30-40
"Sloan, Constance",1012023103,MA,1851,11/25/1987,30,Female,Single,US Citizen,No,White,10/26/2009,04/08/2015,maternity leave - did not return,Voluntarily Terminated,Production       ,Production Technician II,23,Michael Albert,Monster.com,Fully Meets,25-30
"Smith, Joe",1001970770,MA,2045,10/30/1963,54,Male,Single,US Citizen,No,White,9/29/2014,,N/A - still employed,Active,Production       ,Production Technician II,22,Elijiah Gray,Pay Per Click - Google,Exceeds,50-60
"Tejeda, Lenora ",1406068345,MA,2129,5/24/1953,64,Female,Married,US Citizen,No,White,5/16/2011,07/08/2012,Another position,Voluntarily Terminated,Production       ,Production Technician II,28.75,Elijiah Gray,Search Engine,Fully Meets,60+
"Thibaud, Kenneth",1011022777,MA,2472,9/16/1975,42,Male,widowed,US Citizen,No,White,6/25/2007,8/30/2010,military,Voluntarily Terminated,Production       ,Production Technician II,23,Webster Butler,Pay Per Click - Google,Fully Meets,40-50
"Trzeciak, Cybil",1107027551,MA,1778,3/15/1985,32,Female,Single,US Citizen,No,White,01/10/2011,07/02/2012,unhappy,Voluntarily Terminated,Production       ,Production Technician II,22,Amy Dunn,Vendor Referral,Fully Meets,30-40
"Walker, Roger",1011022818,MA,2459,02/10/1976,41,Male,Single,US Citizen,No,Black or African American,8/18/2014,,N/A - still employed,Active,Production       ,Production Technician II,22,Ketsia Liebig,Employee Referral,Fully Meets,40-50
"Winthrop, Jordan  ",1405067188,MA,2045,11/07/1958,59,Male,Single,US Citizen,No,White,01/07/2013,2/21/2016,retiring,Voluntarily Terminated,Production       ,Production Technician II,29,Brannon Miller,Professional Society,Exceeds,50-60
"Wolk, Hang  T",1205033180,MA,2302,4/20/1985,32,Female,Single,US Citizen,No,White,9/29/2014,,N/A - still employed,Active,Production       ,Production Technician II,22,David Stanley,Newspager/Magazine,Fully Meets,30-40
"Woodson, Jason",1012023010,MA,1810,05/11/1985,32,Male,Single,US Citizen,No,White,07/07/2014,,N/A - still employed,Active,Production       ,Production Technician II,24.25,Kissy Sullivan,Vendor Referral,Fully Meets,30-40
"Buck, Edward",1504073313,MA,2330,07/07/1975,42,Male,Married,US Citizen,No,White,9/29/2014,,N/A - still employed,Active,Sales,Area Sales Manager,55,Lynn Daneault,Employee Referral,Fully Meets,40-50
"Bunbury, Jessica",1504073368,VA,21851,06/01/1964,53,Female,Married,Eligible NonCitizen,No,Black or African American,8/15/2011,08/02/2014,Another position,Voluntarily Terminated,Sales,Area Sales Manager,55,John Smith,Social Networks,Fully Meets,50-60
"Carter, Michelle ",1403065721,VT,5664,5/15/1963,54,Female,Single,US Citizen,No,White,8/18/2014,,N/A - still employed,Active,Sales,Area Sales Manager,55,John Smith,Billboard,Fully Meets,50-60
"Costa, Latia",1409070567,CA,90007,11/08/1988,29,Female,Single,US Citizen,No,White,01/10/2011,,N/A - still employed,Active,Sales,Area Sales Manager,55,Lynn Daneault,Other,Exceeds,25-30
"Dietrich, Jenna  ",1408069481,WA,98052,5/14/1987,30,Female,Single,US Citizen,Yes,White,2/20/2012,,N/A - still employed,Active,Sales,Area Sales Manager,55,John Smith,Website Banner Ads,PIP,25-30
"Digitale, Alfred",1306059197,NH,3062,9/14/1988,29,Male,Married,US Citizen,No,American Indian or Alaska Native,8/18/2014,,N/A - still employed,Active,Sales,Area Sales Manager,56,John Smith,Pay Per Click - Google,Fully Meets,25-30
"Fraval, Maruk ",1411071302,CT,6050,8/28/1963,54,Male,Single,US Citizen,No,Black or African American,09/06/2011,,N/A - still employed,Active,Sales,Area Sales Manager,55,Lynn Daneault,Monster.com,Fully Meets,50-60
"Friedman, Gerry",1204032843,NY,10171,2/24/1969,48,Male,Single,US Citizen,Yes,Two or more races,03/07/2011,,N/A - still employed,Active,Sales,Area Sales Manager,55.5,John Smith,Diversity Job Fair,Fully Meets,40-50
"Gill, Whitney  ",1302053046,OH,43050,07/10/1971,46,Female,widowed,US Citizen,No,Black or African American,07/07/2014,09/05/2015,attendance,Terminated for Cause,Sales,Area Sales Manager,55,John Smith,Monster.com,Fully Meets,40-50
"Givens, Myriam",1203032099,IN,46204,9/22/1989,28,Female,Single,US Citizen,No,White,2/16/2015,,N/A - still employed,Active,Sales,Area Sales Manager,55,Lynn Daneault,Pay Per Click - Google,90-day meets,25-30
"Gonzales, Ricardo",1411071481,ID,83706,10/12/1954,63,Male,Married,US Citizen,No,White,05/12/2014,,N/A - still employed,Active,Sales,Area Sales Manager,55.5,John Smith,Monster.com,Fully Meets,60+
"Guilianno, Mike",1001167253,TN,37129,02/09/1969,48,Male,Single,US Citizen,No,Two or more races,03/07/2011,10/31/2014,relocation out of area,Voluntarily Terminated,Sales,Area Sales Manager,55,John Smith,Newspager/Magazine,Fully Meets,40-50
Jeremy Prater,1001084890,NV,89139,05/09/1974,43,Male,Married,US Citizen,No,White,05/12/2014,,N/A - still employed,Active,Sales,Area Sales Manager,56,Lynn Daneault,Website Banner Ads,PIP,40-50
"Khemmich, Bartholemew",1104025008,CO,80820,11/27/1979,38,Male,Single,US Citizen,No,White,8/19/2013,,N/A - still employed,Active,Sales,Area Sales Manager,55,Lynn Daneault,Pay Per Click - Google,Fully Meets,30-40
"Leruth, Giovanni",1412071660,UT,84111,12/27/1988,29,Male,Separated,US Citizen,No,Black or African American,4/30/2012,,N/A - still employed,Active,Sales,Area Sales Manager,55,John Smith,Website Banner Ads,Fully Meets,25-30
"Martins, Joseph",1209048771,TX,78207,06/11/1970,47,Male,Single,Eligible NonCitizen,No,Black or African American,5/14/2012,,N/A - still employed,Active,Sales,Area Sales Manager,56,Lynn Daneault,Employee Referral,Fully Meets,40-50
"McKinzie, Jac",1209049326,TX,78789,07/01/1984,33,Male,Married,US Citizen,No,Two or more races,07/06/2016,,N/A - Has not started yet,Active,Sales,Area Sales Manager,55,Lynn Daneault,Website Banner Ads,N/A- too early to review,30-40
"Mullaney, Howard",1306057978,AL,36006,11/02/1975,42,Male,Single,US Citizen,No,Two or more races,9/29/2014,,N/A - still employed,Active,Sales,Area Sales Manager,55,John Smith,Internet Search,Needs Improvement,40-50
"Nguyen, Dheepa",1111030684,GA,30428,3/31/1989,28,Female,Single,US Citizen,No,Two or more races,07/08/2013,,N/A - still employed,Active,Sales,Area Sales Manager,55,Lynn Daneault,Pay Per Click - Google,Fully Meets,25-30
"Onque, Jasmine",1501072180,FL,33174,05/11/1990,27,Female,Single,US Citizen,Yes,White,9/30/2013,,N/A - still employed,Active,Sales,Area Sales Manager,57,Lynn Daneault,Pay Per Click - Google,Fully Meets,25-30
"Ozark, Travis",812011761,NC,27229,5/19/1982,35,Male,Single,US Citizen,No,White,01/05/2015,,N/A - still employed,Active,Sales,Area Sales Manager,55,John Smith,Website Banner Ads,90-day meets,30-40
"Potts, Xana",1102024106,KY,40220,8/29/1988,29,Female,Married,US Citizen,No,Black or African American,01/09/2012,,N/A - still employed,Active,Sales,Area Sales Manager,55,Lynn Daneault,Website Banner Ads,Fully Meets,25-30
"Riordan, Michael",1502072711,ND,58782,1/15/1968,50,Male,Separated,US Citizen,No,White,01/09/2006,,N/A - still employed,Active,Sales,Area Sales Manager,55,Lynn Daneault,Billboard,Exceeds,40-50
"Strong, Caitrin",1411071295,MT,59102,05/12/1989,28,Female,Married,US Citizen,No,Black or African American,9/27/2010,,N/A - still employed,Active,Sales,Area Sales Manager,54,John Smith,Professional Society,Fully Meets,25-30
"Terry, Sharlene ",1401064637,OR,97756,05/07/1965,52,Female,Single,US Citizen,No,Black or African American,9/29/2014,,N/A - still employed,Active,Sales,Area Sales Manager,55,Lynn Daneault,Monster.com,Fully Meets,50-60
"Valentin,Jackie",1312063714,AZ,85006,5/23/1991,26,Female,Married,US Citizen,No,Two or more races,07/05/2011,,N/A - still employed,Active,Sales,Area Sales Manager,55,John Smith,Other,Fully Meets,25-30
"Villanueva, Noah",1111030503,ME,4063,07/11/1989,28,Male,Single,US Citizen,No,Asian,03/05/2012,,N/A - still employed,Active,Sales,Area Sales Manager,56,John Smith,Website Banner Ads,Fully Meets,25-30
"Houlihan, Debra",1009021646,RI,2908,3/17/1966,51,Female,Married,US Citizen,No,White,05/05/2014,,N/A - still employed,Active,Sales,Director of Sales,60,Janet King,MBTA ads,Fully Meets,50-60
"Daneault, Lynn",1402065303,VT,5473,4/19/1990,27,Female,Single,US Citizen,No,White,05/05/2014,,N/A - still employed,Active,Sales,Sales Manager,54,Debra Houlihan,Pay Per Click - Google,Fully Meets,25-30
"Kampew, Donysha    ",1109029264,PA,19444,11/11/1989,28,Female,Single,US Citizen,No,White,11/07/2011,4/24/2014,maternity leave - did not return,Voluntarily Terminated,Sales,Sales Manager,60.25,Debra Houlihan,Social Networks,Fully Meets,25-30
"Smith, John",1499902910,MA,1886,8/16/1984,33,Male,Divorced,US Citizen,no,Black or African American,5/18/2014,,N/A - still employed,Active,Sales,Sales Manager,56,Debra Houlihan,Diversity Job Fair,Needs Improvement,30-40
"Andreola, Colby",1107027358,MA,2110,5/24/1979,38,Female,Single,US Citizen,No,White,11/10/2014,,N/A - still employed,Active,Software Engineering,Software Engineer,47.6,Alex Sweetwater,Vendor Referral,Fully Meets,30-40
"Carabbio, Judith",1101023577,MA,2132,04/05/1987,30,Female,Single,US Citizen,No,White,11/11/2013,,N/A - still employed,Active,Software Engineering,Software Engineer,56,Alex Sweetwater,Pay Per Click - Google,90-day meets,25-30
"Del Bosque, Keyla",1203032498,MA,2176,07/05/1979,38,Female,Single,US Citizen,No,Black or African American,01/09/2012,,N/A - still employed,Active,Software Engineering,Software Engineer,57.12,Alex Sweetwater,Monster.com,90-day meets,30-40
"Exantus, Susan",1401064670,MA,1749,5/15/1987,30,Female,Married,US Citizen,No,Black or African American,05/02/2011,06/05/2013,attendance,Terminated for Cause,Software Engineering,Software Engineer,48.5,Alex Sweetwater,Billboard,Needs Improvement,25-30
"Martin, Sandra",1303054625,MA,2135,11/07/1987,30,Female,Separated,US Citizen,No,Asian,11/11/2013,,N/A - still employed,Active,Software Engineering,Software Engineer,55.51,Alex Sweetwater,Search Engine,Fully Meets,25-30
"Patronick, Luke",1112030979,MA,1844,2/20/1979,38,Male,Single,US Citizen,No,Asian,11/07/2011,09/07/2015,Another position,Voluntarily Terminated,Software Engineering,Software Engineer,52.25,Alex Sweetwater,Diversity Job Fair,Exceeds,30-40
"Saada, Adell",1012023185,MA,2132,7/24/1986,31,Female,Married,US Citizen,No,White,11/05/2012,,N/A - still employed,Active,Software Engineering,Software Engineer,49.25,Alex Sweetwater,Pay Per Click - Google,Fully Meets,30-40
"Szabo, Andrew",1201031324,MA,2140,05/06/1983,34,Male,Single,US Citizen,No,White,07/07/2014,,N/A - still employed,Active,Software Engineering,Software Engineer,48,Alex Sweetwater,MBTA ads,Exceptional,30-40
"True, Edward",1102024057,MA,2451,6/14/1983,34,Male,Single,Non-Citizen,No,Black or African American,2/18/2013,4/15/2014,medical issues,Voluntarily Terminated,Software Engineering,Software Engineer,45.42,Alex Sweetwater,Diversity Job Fair,Fully Meets,30-40
"Sweetwater, Alex",1001644719,MA,2184,11/22/1966,51,Male,Single,US Citizen,No,White,8/15/2011,,N/A - still employed,Active,Software Engineering     ,Software Engineering Manager,27,Jennifer Zamora,Search Engine,Fully Meets,50-60
