Employment_Source,Month,Cost
Billboard,January,520
Careerbuilder,January,410
Company Intranet - Partner,January,250
Diversity Job Fair,January,250
Employee Referral,January,250
Glassdoor,January,250
Information Session,January,250
Internet Search,January,250
MBTA ads,January,640
Monster.com,January,500
Newspager/Magazine,January,629
On-campus Recruiting,January,250
On-line Web application,January,250
Other,January,250
Pay Per Click,January,110
Pay Per Click - Google,January,330
Professional Society,January,100
Search Engine - Google Bing Yahoo,January,330
Social Networks - Facebook Twitter etc,January,420
Vendor Referral,January,250
Website Banner Ads,January,400
Word of Mouth,January,250
Billboard,February,520
Careerbuilder,February,410
Company Intranet - Partner,February,250
Diversity Job Fair,February,1600
Employee Referral,February,250
Glassdoor,February,250
Information Session,February,250
Internet Search,February,250
MBTA ads,February,640
Monster.com,February,500
Newspager/Magazine,February,510
On-campus Recruiting,February,250
On-line Web application,February,250
Other,February,492
Pay Per Click,February,110
Pay Per Click - Google,February,330
Professional Society,February,100
Search Engine - Google Bing Yahoo,February,410
Social Networks - Facebook Twitter etc,February,481
Vendor Referral,February,250
Website Banner Ads,February,400
Word of Mouth,February,250
Billboard,March,520
Careerbuilder,March,410
Company Intranet - Partner,March,250
Diversity Job Fair,March,250
Employee Referral,March,250
Glassdoor,March,250
Information Session,March,250
Internet Search,March,250
MBTA ads,March,640
Monster.com,March,500
Newspager/Magazine,March,293
On-campus Recruiting,March,1500
On-line Web application,March,400
Other,March,400
Pay Per Click,March,60
Pay Per Click - Google,March,180
Professional Society,March,100
Search Engine - Google Bing Yahoo,March,388
Social Networks - Facebook Twitter etc,March,452
Vendor Referral,March,400
Website Banner Ads,March,300
Word of Mouth,March,400
Billboard,April,520
Careerbuilder,April,820
Company Intranet - Partner,April,400
Diversity Job Fair,April,400
Employee Referral,April,400
Glassdoor,April,400
Information Session,April,400
Internet Search,April,400
MBTA ads,April,640
Monster.com,April,440
Newspager/Magazine,April,810
On-campus Recruiting,April,400
On-line Web application,April,400
Other,April,829
Pay Per Click,April,121
Pay Per Click - Google,April,362
Professional Society,April,100
Search Engine - Google Bing Yahoo,April,372
Social Networks - Facebook Twitter etc,April,479
Vendor Referral,April,400
Website Banner Ads,April,388
Word of Mouth,April,400
Billboard,May,400
Careerbuilder,May,820
Company Intranet - Partner,May,400
Diversity Job Fair,May,400
Employee Referral,May,400
Glassdoor,May,400
Information Session,May,400
Internet Search,May,400
MBTA ads,May,640
Monster.com,May,500
Newspager/Magazine,May,642
On-campus Recruiting,May,400
On-line Web application,May,400
Other,May,744
Pay Per Click,May,110
Pay Per Click - Google,May,197
Professional Society,May,100
Search Engine - Google Bing Yahoo,May,472
Social Networks - Facebook Twitter etc,May,392
Vendor Referral,May,400
Website Banner Ads,May,592
Word of Mouth,May,400
Billboard,June,400
Careerbuilder,June,410
Company Intranet - Partner,June,400
Diversity Job Fair,June,400
Employee Referral,June,400
Glassdoor,June,400
Information Session,June,400
Internet Search,June,400
MBTA ads,June,640
Monster.com,June,500
Newspager/Magazine,June,675
On-campus Recruiting,June,1300
On-line Web application,June,50
Other,June,50
Pay Per Click,June,109
Pay Per Click - Google,June,152
Professional Society,June,100
Search Engine - Google Bing Yahoo,June,412
Social Networks - Facebook Twitter etc,June,508
Vendor Referral,June,50
Website Banner Ads,June,610
Word of Mouth,June,50
Billboard,July,612
Careerbuilder,July,410
Company Intranet - Partner,July,50
Diversity Job Fair,July,50
Employee Referral,July,50
Glassdoor,July,50
Information Session,July,50
Internet Search,July,50
MBTA ads,July,640
Monster.com,July,440
Newspager/Magazine,July,707
On-campus Recruiting,July,50
On-line Web application,July,50
Other,July,610
Pay Per Click,July,130
Pay Per Click - Google,July,389
Professional Society,July,100
Search Engine - Google Bing Yahoo,July,416
Social Networks - Facebook Twitter etc,July,578
Vendor Referral,July,50
Website Banner Ads,July,620
Word of Mouth,July,50
Billboard,August,612
Careerbuilder,August,820
Company Intranet - Partner,August,300
Diversity Job Fair,August,900
Employee Referral,August,300
Glassdoor,August,300
Information Session,August,300
Internet Search,August,300
MBTA ads,August,1300
Monster.com,August,500
Newspager/Magazine,August,740
On-campus Recruiting,August,300
On-line Web application,August,300
Other,August,300
Pay Per Click,August,146
Pay Per Click - Google,August,437
Professional Society,August,100
Search Engine - Google Bing Yahoo,August,495
Social Networks - Facebook Twitter etc,August,466
Vendor Referral,August,300
Website Banner Ads,August,669
Word of Mouth,August,300
Billboard,September,729
Careerbuilder,September,820
Company Intranet - Partner,September,300
Diversity Job Fair,September,300
Employee Referral,September,300
Glassdoor,September,300
Information Session,September,300
Internet Search,September,50
MBTA ads,September,1300
Monster.com,September,440
Newspager/Magazine,September,772
On-campus Recruiting,September,250
On-line Web application,September,50
Other,September,50
Pay Per Click,September,105
Pay Per Click - Google,September,315
Professional Society,September,100
Search Engine - Google Bing Yahoo,September,619
Social Networks - Facebook Twitter etc,September,389
Vendor Referral,September,50
Website Banner Ads,September,718
Word of Mouth,September,50
Billboard,October,749
Careerbuilder,October,1230
Company Intranet - Partner,October,50
Diversity Job Fair,October,50
Employee Referral,October,50
Glassdoor,October,50
Information Session,October,50
Internet Search,October,50
MBTA ads,October,1300
Monster.com,October,440
Newspager/Magazine,October,805
On-campus Recruiting,October,50
On-line Web application,October,50
Other,October,510
Pay Per Click,October,109
Pay Per Click - Google,October,327
Professional Society,October,100
Search Engine - Google Bing Yahoo,October,502
Social Networks - Facebook Twitter etc,October,439
Vendor Referral,October,50
Website Banner Ads,October,767
Word of Mouth,October,50
Billboard,November,910
Careerbuilder,November,820
Company Intranet - Partner,November,50
Diversity Job Fair,November,50
Employee Referral,November,50
Glassdoor,November,50
Information Session,November,50
Internet Search,November,50
MBTA ads,November,1300
Monster.com,November,500
Newspager/Magazine,November,838
On-campus Recruiting,November,50
On-line Web application,November,50
Other,November,50
Pay Per Click,November,105
Pay Per Click - Google,November,315
Professional Society,November,100
Search Engine - Google Bing Yahoo,November,389
Social Networks - Facebook Twitter etc,November,491
Vendor Referral,November,50
Website Banner Ads,November,816
Word of Mouth,November,50
Billboard,December,500
Careerbuilder,December,410
Company Intranet - Partner,December,50
Diversity Job Fair,December,50
Employee Referral,December,50
Glassdoor,December,50
Information Session,December,50
Internet Search,December,50
MBTA ads,December,1300
Monster.com,December,500
Newspager/Magazine,December,870
On-campus Recruiting,December,50
On-line Web application,December,50
Other,December,810
Pay Per Click,December,110
Pay Per Click - Google,December,176
Professional Society,December,100
Search Engine - Google Bing Yahoo,December,378
Social Networks - Facebook Twitter etc,December,478
Vendor Referral,December,50
Website Banner Ads,December,865
Word of Mouth,December,50
